﻿<LinkSources version="1.02">
  <page ID="2AA9A6A8-B323-4F95-9C83-78528E143574">
    <linkSource sourcePageID="F075ACFD-5EF1-4B70-A9E0-0AE308723B5A" comID="2FA57D1C-969E-4139-BBFC-1D1A4FB0F355" comLinkType="cltPageLink"/>
  </page>
  <page ID="0FB212D8-36A7-42AF-8366-0CB487C07F09">
    <linkSource sourcePageID="5BBA9183-4534-4251-867E-97954A612A39" comID="5ACA614C-65FD-48C0-BF42-D1DA315AC7D9" comLinkType="cltPageLink"/>
    <linkSource sourcePageID="AE508D8B-6E56-4C22-83AA-17D05A40ECAB" comID="D8EDC72F-0E6F-48A2-811B-4D39EE9A1414" comLinkType="cltPageLink"/>
    <linkSource sourcePageID="F075ACFD-5EF1-4B70-A9E0-0AE308723B5A" comID="5ACA614C-65FD-48C0-BF42-D1DA315AC7D9" comLinkType="cltPageLink"/>
    <linkSource sourcePageID="2AA9A6A8-B323-4F95-9C83-78528E143574" comID="5ACA614C-65FD-48C0-BF42-D1DA315AC7D9" comLinkType="cltPageLink"/>
    <linkSource sourcePageID="8D6C716B-16FC-4874-AAF5-29FFEFFB56E8" comID="FF1A91E6-7392-4A94-BB27-A65D5D822F2C" comLinkType="cltPageLink"/>
    <linkSource sourcePageID="6AF7D038-81E5-4387-A17B-34C68D62E78B" comID="FF1A91E6-7392-4A94-BB27-A65D5D822F2C" comLinkType="cltPageLink"/>
    <linkSource sourcePageID="A9A3A0D0-EF9F-4FF8-B67F-5D67B07C6626" comID="FF1A91E6-7392-4A94-BB27-A65D5D822F2C" comLinkType="cltPageLink"/>
  </page>
  <page ID="6AF7D038-81E5-4387-A17B-34C68D62E78B">
    <linkSource sourcePageID="8D6C716B-16FC-4874-AAF5-29FFEFFB56E8" comID="C41A8579-34A6-4972-B2C9-7DAEB8EA1CF9" comLinkType="cltPageLink"/>
    <linkSource sourcePageID="AE508D8B-6E56-4C22-83AA-17D05A40ECAB" comID="C41A8579-34A6-4972-B2C9-7DAEB8EA1CF9" comLinkType="cltPageLink"/>
    <linkSource sourcePageID="A9A3A0D0-EF9F-4FF8-B67F-5D67B07C6626" comID="C41A8579-34A6-4972-B2C9-7DAEB8EA1CF9" comLinkType="cltPageLink"/>
    <linkSource sourcePageID="0FB212D8-36A7-42AF-8366-0CB487C07F09" comID="C41A8579-34A6-4972-B2C9-7DAEB8EA1CF9" comLinkType="cltPageLink"/>
  </page>
  <page ID="A9A3A0D0-EF9F-4FF8-B67F-5D67B07C6626">
    <linkSource sourcePageID="6AF7D038-81E5-4387-A17B-34C68D62E78B" comID="68F35946-6F3D-48F6-AE3A-FD486E7D1060" comLinkType="cltPageLink"/>
    <linkSource sourcePageID="8D6C716B-16FC-4874-AAF5-29FFEFFB56E8" comID="68F35946-6F3D-48F6-AE3A-FD486E7D1060" comLinkType="cltPageLink"/>
    <linkSource sourcePageID="AE508D8B-6E56-4C22-83AA-17D05A40ECAB" comID="68F35946-6F3D-48F6-AE3A-FD486E7D1060" comLinkType="cltPageLink"/>
    <linkSource sourcePageID="0FB212D8-36A7-42AF-8366-0CB487C07F09" comID="68F35946-6F3D-48F6-AE3A-FD486E7D1060" comLinkType="cltPageLink"/>
  </page>
  <page ID="8D6C716B-16FC-4874-AAF5-29FFEFFB56E8">
    <linkSource sourcePageID="6AF7D038-81E5-4387-A17B-34C68D62E78B" comID="B8A88B70-7D13-4B33-AC90-0EB6C4D959FA" comLinkType="cltPageLink"/>
    <linkSource sourcePageID="AE508D8B-6E56-4C22-83AA-17D05A40ECAB" comID="B8A88B70-7D13-4B33-AC90-0EB6C4D959FA" comLinkType="cltPageLink"/>
    <linkSource sourcePageID="A9A3A0D0-EF9F-4FF8-B67F-5D67B07C6626" comID="B8A88B70-7D13-4B33-AC90-0EB6C4D959FA" comLinkType="cltPageLink"/>
    <linkSource sourcePageID="0FB212D8-36A7-42AF-8366-0CB487C07F09" comID="B8A88B70-7D13-4B33-AC90-0EB6C4D959FA" comLinkType="cltPageLink"/>
  </page>
  <page ID="AE508D8B-6E56-4C22-83AA-17D05A40ECAB">
    <linkSource sourcePageID="0FB212D8-36A7-42AF-8366-0CB487C07F09" comID="AA4C8F2B-B69B-4EDA-A417-8A81880BE448" comLinkType="cltPageLink"/>
    <linkSource sourcePageID="6AF7D038-81E5-4387-A17B-34C68D62E78B" comID="AA4C8F2B-B69B-4EDA-A417-8A81880BE448" comLinkType="cltPageLink"/>
    <linkSource sourcePageID="A9A3A0D0-EF9F-4FF8-B67F-5D67B07C6626" comID="AA4C8F2B-B69B-4EDA-A417-8A81880BE448" comLinkType="cltPageLink"/>
  </page>
  <page ID="5BBA9183-4534-4251-867E-97954A612A39">
    <linkSource sourcePageID="0FB212D8-36A7-42AF-8366-0CB487C07F09" comID="713AFFDF-F5E5-417F-ADBE-5EDAE6E86F2A" comLinkType="cltPageLink"/>
    <linkSource sourcePageID="0FB212D8-36A7-42AF-8366-0CB487C07F09" comID="DCAB5A13-C560-452E-8821-F64B3CEFCD05" comLinkType="cltPageLink"/>
    <linkSource sourcePageID="AE508D8B-6E56-4C22-83AA-17D05A40ECAB" comID="713AFFDF-F5E5-417F-ADBE-5EDAE6E86F2A" comLinkType="cltPageLink"/>
    <linkSource sourcePageID="AE508D8B-6E56-4C22-83AA-17D05A40ECAB" comID="DCAB5A13-C560-452E-8821-F64B3CEFCD05" comLinkType="cltPageLink"/>
    <linkSource sourcePageID="8D6C716B-16FC-4874-AAF5-29FFEFFB56E8" comID="713AFFDF-F5E5-417F-ADBE-5EDAE6E86F2A" comLinkType="cltPageLink"/>
    <linkSource sourcePageID="8D6C716B-16FC-4874-AAF5-29FFEFFB56E8" comID="DCAB5A13-C560-452E-8821-F64B3CEFCD05" comLinkType="cltPageLink"/>
    <linkSource sourcePageID="6AF7D038-81E5-4387-A17B-34C68D62E78B" comID="713AFFDF-F5E5-417F-ADBE-5EDAE6E86F2A" comLinkType="cltPageLink"/>
    <linkSource sourcePageID="6AF7D038-81E5-4387-A17B-34C68D62E78B" comID="DCAB5A13-C560-452E-8821-F64B3CEFCD05" comLinkType="cltPageLink"/>
    <linkSource sourcePageID="A9A3A0D0-EF9F-4FF8-B67F-5D67B07C6626" comID="713AFFDF-F5E5-417F-ADBE-5EDAE6E86F2A" comLinkType="cltPageLink"/>
    <linkSource sourcePageID="A9A3A0D0-EF9F-4FF8-B67F-5D67B07C6626" comID="DCAB5A13-C560-452E-8821-F64B3CEFCD05" comLinkType="cltPageLink"/>
  </page>
  <page ID="F075ACFD-5EF1-4B70-A9E0-0AE308723B5A">
    <linkSource sourcePageID="2AA9A6A8-B323-4F95-9C83-78528E143574" comID="5ACA614C-65FD-48C0-BF42-D1DA315AC7D9" comLinkType="cltPageLink"/>
  </page>
</LinkSources>